{
    "success": true,
    "burrows_delta": {
        "score": 0.6447713375091553,
        "top_words_count": 227
    },
    "andreww_model": {
        "score": 0.9917377829551697
    },
    "metric_id": 322,
    "created_at": "2025-06-05T16:10:09.477879+00:00"
}