{
    "success": true,
    "burrows_delta": {
        "score": 0.2644774913787842,
        "top_words_count": 237
    },
    "andreww_model": {
        "score": 0.6276344656944275
    },
    "metric_id": 315,
    "created_at": "2025-06-05T16:10:03.682789+00:00"
}