{
    "success": true,
    "burrows_delta": {
        "score": 0.7653477787971497,
        "top_words_count": 235
    },
    "andreww_model": {
        "score": 0.017286546528339386
    },
    "metric_id": 318,
    "created_at": "2025-06-05T16:10:06.212591+00:00"
}