{
    "success": true,
    "burrows_delta": {
        "score": 0.4860697388648987,
        "top_words_count": 301
    },
    "andreww_model": {
        "score": 0.18146531283855438
    },
    "metric_id": 329,
    "created_at": "2025-06-05T16:10:15.194557+00:00"
}