{
    "success": true,
    "burrows_delta": {
        "score": 0.714496910572052,
        "top_words_count": 254
    },
    "andreww_model": {
        "score": 0.9750770330429077
    },
    "metric_id": 327,
    "created_at": "2025-06-05T16:10:13.516099+00:00"
}