{
    "success": true,
    "burrows_delta": {
        "score": 0.660784125328064,
        "top_words_count": 296
    },
    "andreww_model": {
        "score": 0.9998823404312134
    },
    "metric_id": 323,
    "created_at": "2025-06-05T16:10:10.182261+00:00"
}