{
    "success": true,
    "burrows_delta": {
        "score": 0.5820051431655884,
        "top_words_count": 246
    },
    "andreww_model": {
        "score": 0.8941553235054016
    },
    "metric_id": 314,
    "created_at": "2025-06-05T16:10:02.960062+00:00"
}