{
    "success": true,
    "burrows_delta": {
        "score": 0.7130105495452881,
        "top_words_count": 256
    },
    "andreww_model": {
        "score": 0.9985702633857727
    },
    "metric_id": 310,
    "created_at": "2025-06-05T16:09:59.302223+00:00"
}