{
    "success": true,
    "burrows_delta": {
        "score": 0.6553060412406921,
        "top_words_count": 224
    },
    "andreww_model": {
        "score": 0.04186877980828285
    },
    "metric_id": 316,
    "created_at": "2025-06-05T16:10:04.429013+00:00"
}