{
    "success": true,
    "burrows_delta": {
        "score": 0.7412533760070801,
        "top_words_count": 264
    },
    "andreww_model": {
        "score": 0.9943998456001282
    },
    "metric_id": 321,
    "created_at": "2025-06-05T16:10:08.718518+00:00"
}