{
    "success": true,
    "burrows_delta": {
        "score": 0.6613190174102783,
        "top_words_count": 236
    },
    "andreww_model": {
        "score": 0.44758597016334534
    },
    "metric_id": 319,
    "created_at": "2025-06-05T16:10:06.911935+00:00"
}