{
    "success": true,
    "burrows_delta": {
        "score": 0.71690434217453,
        "top_words_count": 304
    },
    "andreww_model": {
        "score": 0.40514296293258667
    },
    "metric_id": 317,
    "created_at": "2025-06-05T16:10:05.317433+00:00"
}