{
    "success": true,
    "burrows_delta": {
        "score": 0.5424392223358154,
        "top_words_count": 253
    },
    "andreww_model": {
        "score": 0.9982852935791016
    },
    "metric_id": 324,
    "created_at": "2025-06-05T16:10:10.878982+00:00"
}