{
    "success": true,
    "burrows_delta": {
        "score": 0.6813315153121948,
        "top_words_count": 213
    },
    "andreww_model": {
        "score": 0.9564185738563538
    },
    "metric_id": 312,
    "created_at": "2025-06-05T16:10:01.228548+00:00"
}