{
    "success": true,
    "burrows_delta": {
        "score": 0.6894996762275696,
        "top_words_count": 231
    },
    "andreww_model": {
        "score": 0.24951457977294922
    },
    "metric_id": 313,
    "created_at": "2025-06-05T16:10:02.137912+00:00"
}