{
    "success": true,
    "burrows_delta": {
        "score": 0.6313232183456421,
        "top_words_count": 219
    },
    "andreww_model": {
        "score": 0.4216497242450714
    },
    "metric_id": 311,
    "created_at": "2025-06-05T16:10:00.288085+00:00"
}