{
    "success": true,
    "burrows_delta": {
        "score": 0.5852294564247131,
        "top_words_count": 59
    },
    "andreww_model": {
        "score": 0.999949038028717
    },
    "metric_id": 397,
    "created_at": "2025-06-05T19:17:10.457377+00:00"
}