{
    "success": true,
    "burrows_delta": {
        "score": 0.39189592003822327,
        "top_words_count": 76
    },
    "andreww_model": {
        "score": 0.01688540168106556
    },
    "metric_id": 412,
    "created_at": "2025-06-05T19:17:21.188972+00:00"
}