{
    "success": true,
    "burrows_delta": {
        "score": 0.6872171759605408,
        "top_words_count": 132
    },
    "andreww_model": {
        "score": 0.0005266188527457416
    },
    "metric_id": 353,
    "created_at": "2025-06-05T16:43:53.502594+00:00"
}