{
    "success": true,
    "burrows_delta": {
        "score": 0.6344054937362671,
        "top_words_count": 166
    },
    "andreww_model": {
        "score": 0.9157294034957886
    },
    "metric_id": 362,
    "created_at": "2025-06-05T16:44:00.612897+00:00"
}