{
    "success": true,
    "burrows_delta": {
        "score": 0.6015611290931702,
        "top_words_count": 154
    },
    "andreww_model": {
        "score": 0.980042040348053
    },
    "metric_id": 364,
    "created_at": "2025-06-05T16:44:02.118782+00:00"
}