{
    "success": true,
    "burrows_delta": {
        "score": 0.6480275988578796,
        "top_words_count": 137
    },
    "andreww_model": {
        "score": 0.9386350512504578
    },
    "metric_id": 356,
    "created_at": "2025-06-05T16:43:55.903288+00:00"
}