{
    "success": true,
    "burrows_delta": {
        "score": 0.6223933100700378,
        "top_words_count": 147
    },
    "andreww_model": {
        "score": 0.9996997117996216
    },
    "metric_id": 363,
    "created_at": "2025-06-05T16:44:01.402832+00:00"
}