{
    "success": true,
    "burrows_delta": {
        "score": 0.6703038215637207,
        "top_words_count": 134
    },
    "andreww_model": {
        "score": 0.9996519684791565
    },
    "metric_id": 366,
    "created_at": "2025-06-05T16:44:03.721338+00:00"
}