{
    "success": true,
    "burrows_delta": {
        "score": 0.4858476519584656,
        "top_words_count": 194
    },
    "andreww_model": {
        "score": 0.001536441850475967
    },
    "metric_id": 369,
    "created_at": "2025-06-05T16:44:06.014846+00:00"
}