{
    "success": true,
    "burrows_delta": {
        "score": 0.4555899500846863,
        "top_words_count": 134
    },
    "andreww_model": {
        "score": 0.9937938451766968
    },
    "metric_id": 357,
    "created_at": "2025-06-05T16:43:56.802286+00:00"
}