{
    "success": true,
    "burrows_delta": {
        "score": 0.4021587371826172,
        "top_words_count": 111
    },
    "andreww_model": {
        "score": 0.00015348846500273794
    },
    "metric_id": 365,
    "created_at": "2025-06-05T16:44:02.903308+00:00"
}