{
    "success": true,
    "burrows_delta": {
        "score": 0.626642107963562,
        "top_words_count": 113
    },
    "andreww_model": {
        "score": 0.41086888313293457
    },
    "metric_id": 359,
    "created_at": "2025-06-05T16:43:58.314557+00:00"
}