{
    "success": true,
    "burrows_delta": {
        "score": 0.6957842111587524,
        "top_words_count": 213
    },
    "andreww_model": {
        "score": 0.9220508337020874
    },
    "metric_id": 74,
    "created_at": "2025-06-04T14:30:43.934779+00:00"
}