{
    "success": true,
    "burrows_delta": {
        "score": 0.7391484379768372,
        "top_words_count": 199
    },
    "andreww_model": {
        "score": 0.3039033114910126
    },
    "metric_id": 114,
    "created_at": "2025-06-04T17:21:54.324183+00:00"
}