{
    "success": true,
    "burrows_delta": {
        "score": 0.6772847175598145,
        "top_words_count": 168
    },
    "andreww_model": {
        "score": 0.023155203089118004
    },
    "metric_id": 115,
    "created_at": "2025-06-04T17:21:55.406854+00:00"
}