{
    "success": true,
    "burrows_delta": {
        "score": 0.28841379284858704,
        "top_words_count": 216
    },
    "andreww_model": {
        "score": 0.9964331388473511
    },
    "metric_id": 117,
    "created_at": "2025-06-04T17:21:57.213000+00:00"
}