{
    "success": true,
    "burrows_delta": {
        "score": 0.7489842772483826,
        "top_words_count": 227
    },
    "andreww_model": {
        "score": 0.022587595507502556
    },
    "metric_id": 119,
    "created_at": "2025-06-04T17:21:58.892805+00:00"
}