{
    "success": true,
    "burrows_delta": {
        "score": 0.7327080368995667,
        "top_words_count": 234
    },
    "andreww_model": {
        "score": 0.9561448693275452
    },
    "metric_id": 129,
    "created_at": "2025-06-04T17:22:07.445247+00:00"
}