{
    "success": true,
    "burrows_delta": {
        "score": 0.6350783705711365,
        "top_words_count": 226
    },
    "andreww_model": {
        "score": 0.9983228445053101
    },
    "metric_id": 126,
    "created_at": "2025-06-04T17:22:05.006342+00:00"
}