{
    "success": true,
    "burrows_delta": {
        "score": 0.6236193776130676,
        "top_words_count": 185
    },
    "andreww_model": {
        "score": 0.9808667898178101
    },
    "metric_id": 130,
    "created_at": "2025-06-04T17:22:08.355692+00:00"
}