{
    "success": true,
    "burrows_delta": {
        "score": 0.4411000609397888,
        "top_words_count": 174
    },
    "andreww_model": {
        "score": 0.004335129167884588
    },
    "metric_id": 450,
    "created_at": "2025-06-05T23:47:33.800065+00:00"
}