{
    "success": true,
    "burrows_delta": {
        "score": 0.2361428588628769,
        "top_words_count": 265
    },
    "andreww_model": {
        "score": 0.9638639688491821
    },
    "metric_id": 461,
    "created_at": "2025-06-05T23:47:41.861347+00:00"
}