{
    "success": true,
    "burrows_delta": {
        "score": 0.484675794839859,
        "top_words_count": 203
    },
    "andreww_model": {
        "score": 0.46708980202674866
    },
    "metric_id": 453,
    "created_at": "2025-06-05T23:47:35.838563+00:00"
}