{
    "success": true,
    "burrows_delta": {
        "score": 0.3768756687641144,
        "top_words_count": 262
    },
    "andreww_model": {
        "score": 0.9611275792121887
    },
    "metric_id": 459,
    "created_at": "2025-06-05T23:47:40.408543+00:00"
}