{
    "success": true,
    "burrows_delta": {
        "score": 0.32597193121910095,
        "top_words_count": 224
    },
    "andreww_model": {
        "score": 0.9971242547035217
    },
    "metric_id": 452,
    "created_at": "2025-06-05T23:47:35.158472+00:00"
}