{
    "success": true,
    "burrows_delta": {
        "score": 0.26231643557548523,
        "top_words_count": 204
    },
    "andreww_model": {
        "score": 0.9988722205162048
    },
    "metric_id": 462,
    "created_at": "2025-06-05T23:51:14.789402+00:00"
}