{
    "success": true,
    "burrows_delta": {
        "score": 0.29572421312332153,
        "top_words_count": 244
    },
    "andreww_model": {
        "score": 0.999870777130127
    },
    "metric_id": 460,
    "created_at": "2025-06-05T23:47:41.082672+00:00"
}