{
    "success": true,
    "burrows_delta": {
        "score": 0.5671520233154297,
        "top_words_count": 212
    },
    "andreww_model": {
        "score": 0.9956421256065369
    },
    "metric_id": 458,
    "created_at": "2025-06-05T23:47:39.642974+00:00"
}