{
    "success": true,
    "burrows_delta": {
        "score": 0.22401149570941925,
        "top_words_count": 192
    },
    "andreww_model": {
        "score": 0.9997209310531616
    },
    "metric_id": 447,
    "created_at": "2025-06-05T23:47:31.724802+00:00"
}