{
    "success": true,
    "burrows_delta": {
        "score": 0.12264055013656616,
        "top_words_count": 61
    },
    "andreww_model": {
        "score": 0.960281491279602
    },
    "metric_id": 517,
    "created_at": "2025-06-06T14:38:05.806216+00:00"
}