{
    "success": true,
    "burrows_delta": {
        "score": 0.17511038482189178,
        "top_words_count": 53
    },
    "andreww_model": {
        "score": 0.974708616733551
    },
    "metric_id": 508,
    "created_at": "2025-06-06T14:37:59.592256+00:00"
}