{
    "success": true,
    "burrows_delta": {
        "score": 0.3960767686367035,
        "top_words_count": 46
    },
    "andreww_model": {
        "score": 0.008262469433248043
    },
    "metric_id": 522,
    "created_at": "2025-06-06T14:38:09.087463+00:00"
}