{
    "success": true,
    "burrows_delta": {
        "score": 0.4319373667240143,
        "top_words_count": 70
    },
    "andreww_model": {
        "score": 0.8899179100990295
    },
    "metric_id": 513,
    "created_at": "2025-06-06T14:38:02.810208+00:00"
}