{
    "success": true,
    "burrows_delta": {
        "score": 0.1643555611371994,
        "top_words_count": 66
    },
    "andreww_model": {
        "score": 0.9999933242797852
    },
    "metric_id": 519,
    "created_at": "2025-06-06T14:38:07.006711+00:00"
}