{
    "success": true,
    "burrows_delta": {
        "score": 0.5952171087265015,
        "top_words_count": 173
    },
    "andreww_model": {
        "score": 0.9997956156730652
    },
    "metric_id": 423,
    "created_at": "2025-06-05T20:01:27.978270+00:00"
}