{
    "success": true,
    "burrows_delta": {
        "score": 0.5372686982154846,
        "top_words_count": 220
    },
    "andreww_model": {
        "score": 0.38709592819213867
    },
    "metric_id": 425,
    "created_at": "2025-06-05T20:01:29.541740+00:00"
}