{
    "success": true,
    "burrows_delta": {
        "score": 0.4625977873802185,
        "top_words_count": 233
    },
    "andreww_model": {
        "score": 0.9999900460243225
    },
    "metric_id": 427,
    "created_at": "2025-06-05T20:01:31.208015+00:00"
}