{
    "success": true,
    "burrows_delta": {
        "score": 0.5763763189315796,
        "top_words_count": 222
    },
    "andreww_model": {
        "score": 0.9237874150276184
    },
    "metric_id": 419,
    "created_at": "2025-06-05T20:01:24.614265+00:00"
}