{
    "success": true,
    "burrows_delta": {
        "score": 0.6262425780296326,
        "top_words_count": 191
    },
    "andreww_model": {
        "score": 0.0026872504968196154
    },
    "metric_id": 416,
    "created_at": "2025-06-05T20:01:22.184615+00:00"
}