{
    "success": true,
    "burrows_delta": {
        "score": 0.5574139356613159,
        "top_words_count": 217
    },
    "andreww_model": {
        "score": 0.29168128967285156
    },
    "metric_id": 422,
    "created_at": "2025-06-05T20:01:27.117900+00:00"
}