{
    "success": true,
    "burrows_delta": {
        "score": 0.47697463631629944,
        "top_words_count": 224
    },
    "andreww_model": {
        "score": 0.031447116285562515
    },
    "metric_id": 432,
    "created_at": "2025-06-05T20:01:35.208887+00:00"
}