{
    "success": true,
    "burrows_delta": {
        "score": 0.6560812592506409,
        "top_words_count": 210
    },
    "andreww_model": {
        "score": 0.9569883346557617
    },
    "metric_id": 424,
    "created_at": "2025-06-05T20:01:28.757331+00:00"
}