{
    "success": true,
    "burrows_delta": {
        "score": 0.5036333203315735,
        "top_words_count": 205
    },
    "andreww_model": {
        "score": 0.9969618916511536
    },
    "metric_id": 413,
    "created_at": "2025-06-05T20:01:19.851498+00:00"
}