{
    "success": true,
    "burrows_delta": {
        "score": 0.5519679188728333,
        "top_words_count": 264
    },
    "andreww_model": {
        "score": 0.20546293258666992
    },
    "metric_id": 431,
    "created_at": "2025-06-05T20:01:34.464018+00:00"
}