{
    "success": true,
    "burrows_delta": {
        "score": 0.40040162205696106,
        "top_words_count": 230
    },
    "andreww_model": {
        "score": 0.9984687566757202
    },
    "metric_id": 426,
    "created_at": "2025-06-05T20:01:30.448107+00:00"
}