{
    "success": true,
    "burrows_delta": {
        "score": 0.5059805512428284,
        "top_words_count": 206
    },
    "andreww_model": {
        "score": 0.0003904644399881363
    },
    "metric_id": 428,
    "created_at": "2025-06-05T20:01:32.021315+00:00"
}