{
    "success": true,
    "burrows_delta": {
        "score": 0.7361841797828674,
        "top_words_count": 328
    },
    "andreww_model": {
        "score": 0.9988353252410889
    },
    "metric_id": 553,
    "created_at": "2025-06-10T20:58:58.267307+00:00"
}