{
    "success": true,
    "burrows_delta": {
        "score": 0.6698619723320007,
        "top_words_count": 282
    },
    "andreww_model": {
        "score": 0.29925796389579773
    },
    "metric_id": 548,
    "created_at": "2025-06-10T20:58:49.210441+00:00"
}