{
    "success": true,
    "burrows_delta": {
        "score": 0.3649625778198242,
        "top_words_count": 371
    },
    "andreww_model": {
        "score": 0.49014103412628174
    },
    "metric_id": 561,
    "created_at": "2025-06-10T20:59:11.142364+00:00"
}