{
    "success": true,
    "burrows_delta": {
        "score": 0.5807660818099976,
        "top_words_count": 385
    },
    "andreww_model": {
        "score": 0.9997855424880981
    },
    "metric_id": 552,
    "created_at": "2025-06-10T20:58:57.039598+00:00"
}