{
    "success": true,
    "burrows_delta": {
        "score": 0.6167289018630981,
        "top_words_count": 325
    },
    "andreww_model": {
        "score": 0.9999338984489441
    },
    "metric_id": 562,
    "created_at": "2025-06-10T20:59:13.676342+00:00"
}