{
    "success": true,
    "burrows_delta": {
        "score": 0.5692535638809204,
        "top_words_count": 245
    },
    "andreww_model": {
        "score": 0.9216330051422119
    },
    "metric_id": 565,
    "created_at": "2025-06-10T20:59:18.752385+00:00"
}