{
    "success": true,
    "burrows_delta": {
        "score": 0.5483497381210327,
        "top_words_count": 300
    },
    "andreww_model": {
        "score": 0.9552739262580872
    },
    "metric_id": 558,
    "created_at": "2025-06-10T20:59:06.034899+00:00"
}