{
    "success": true,
    "burrows_delta": {
        "score": 0.6744492053985596,
        "top_words_count": 345
    },
    "andreww_model": {
        "score": 0.9908342361450195
    },
    "metric_id": 546,
    "created_at": "2025-06-10T20:58:46.403289+00:00"
}