{
    "success": true,
    "burrows_delta": {
        "score": 0.4756961464881897,
        "top_words_count": 516
    },
    "andreww_model": {
        "score": 0.12498503178358078
    },
    "metric_id": 556,
    "created_at": "2025-06-10T20:59:03.147665+00:00"
}