{
    "success": true,
    "burrows_delta": {
        "score": 0.6320827603340149,
        "top_words_count": 301
    },
    "andreww_model": {
        "score": 0.7004836201667786
    },
    "metric_id": 547,
    "created_at": "2025-06-10T20:58:47.835008+00:00"
}