{
    "success": true,
    "burrows_delta": {
        "score": 0.6656399369239807,
        "top_words_count": 339
    },
    "andreww_model": {
        "score": 0.9912970662117004
    },
    "metric_id": 554,
    "created_at": "2025-06-10T20:58:59.538699+00:00"
}